Topic,games,nes,pi,deleted,annoys,loop,member,nintendo,mario,raspberry,people,
Topic 0,0.281124840124,0.280109635717,0.201486998481,0,0,0,0,0,0,0,0,
Topic 0,0,0,0,0.999993510431,0.000585821312764,-0.000420373063776,0,0,0,0,0,
Topic 0,0,0,0,0,0,0,0.948689683545,0.134449283144,0.100194090515,0,0,
Topic 0,0,0,-0.553637069881,0,0,0,0,0,0,-0.52613976334,0.204061935012,
Topic 0,0.250585757373,0,-0.256762969488,0,0,0,0,0,0,-0.26084433796,0,
Topic 0,0,0,0,0,0,0,0,0,0,0,0,
Topic 0,0,0,0,0,0,0,0,0,0,0,0,
Topic 0,0,-0.32214916916,0,0,0,0,0,0.347735901019,0,0,-0.305017576203,
Topic 0,0,0,0,0,0,0,0,0,0,0,0,
Topic 0,0,0,0,0,0,0,0,0,0,0,0,
Topic 0,0,0,0,0,0,0,0,0,0,0,0,
Topic 0,0,0,0,0,0,0,0,-0.297436059215,0,0,0,
Topic 0,0,0,0,0,0,0,0,0,0,0,0,
Topic 0,-0.275157200793,0,0,0,0,0,0,0,0,0,-0.282321155168,
Topic 0,0,0,0,0,0,0,0,0,0,0,0,
Topic 0,0,0,0,0,0,0,0,0,0,0,0,
Topic 0,0,0,0,0,0,0,0,0,0,0,0,
Topic 0,0,0,0,0,0,0,0,0,0,0,0,
Topic 0,0,0,0,0,0,0,0,0,0,0,0,
Topic 0,0,0,0,0,0,0,0,0,0,0,0,
Topic 0,0,0,0,0,0,0,0,0,0,0,0,
Topic 0,0,0,0,0,0,0,0,0,0,0,-0.213136653935,
Topic 0,0,0,0,0,0,0,0,0,0,0,0,
Topic 0,0,0,0,0,0,0,0,0,0,0,0,
Topic 0,0,0,0,0,0,0,0,0,0,0,0,
Topic 0,0,0,0,0,0,0,0,0,0,0,0,
Topic 0,0,0,0,0,0,0,0,0,0,0,0,
Topic 0,0,0,0,0,0,0,0,0,0,0,0,
Topic 0,0,0,0,0,0,0,0,0,0,0,0,
Topic 0,0,0,0,0,0,0,0,0,0,0,0,
Topic 0,0,0,0,0,0,0,0,0,0,0,0,
Topic 0,0,0,0,0,0,0,0,0,0,0,0,
Topic 0,0,0,0,0,0,0,0,0,0,0,0,
Topic 0,0,0,0,0,0,0,0,0,0,0,0,
Topic 0,0,0,0,0,0,0,0,0,0,0,0,
Topic 0,0,0,0,0,0,0,0,0,0,0,0,
Topic 0,0,0,0,0,0,0,0,0,0,0,0,
Topic 0,0,0,0,0,0,0,0,0,0,0,0,
Topic 0,0,0,0,0,0,0,0,0,0,0,0,
Topic 0,0,0,0,0,0,0,0,0,0,0,0,
Topic 0,0,0,0,0,0,0,0,0,0,0,0,
Topic 0,0,0,0,0,0,0,0,0,0,0,0,
Topic 0,0,0,0,0,0,0,0,0,0,0,0,
Topic 0,0,0,0,0,0,0,0,0,0,0,0,
Topic 0,0,0,0,0,0,0,0,0,0,0,0,
Topic 0,0,0,0,0,0,0,0,0,0,0,0,
Topic 0,0,0,0,0,0,0,0,0,0,0,0,
Topic 0,0,0,0,0,0,0,0,0,0,0,0,
Topic 0,0,0,0,0,0,0,0,0,0,0,0,
Topic 0,0,0,0,0,0,0,0,0,0,0,0,
Topic 0,0,0,0,0,0,0,0,0,0,0,0,
Topic 0,0,0,0,0,0,0,0,0,0,0,0,
Topic 0,0,0,0,0,0,0,0,0,0,0,0,
Topic 0,0,0,0,0,0,0,0,0,0,0,0,
Topic 0,0,0,0,0,0,0,0,0,0,0,0,
Topic 0,0,0,0,0,0,0,0,0,0,0,0,
Topic 0,0,0,0,0,0,0,0,0,0,0,0,
Topic 0,0,0,0,0,0,0,0,0,0,0,0,
Topic 0,0,0,0,0,0,0,0,0,0,0,0,
Topic 0,0,0,0,0,0,0,0,0,0,0,0,
Topic 0,0,0,0,0,0,0,0,0,0,0,0,
Topic 0,0,0,0,0,0,0,0,0,0,0,0,
Topic 0,0,0,0,0,0,0,0,0,0,0,0,
Topic 0,0,0,0,0,0,0,0,0,0,0,0,
Topic 0,0,0,0,0,0,0,0,0,0,0,0,
Topic 0,0,0,0,0,0,0,0,0,0,0,0,
Topic 0,0,0,0,0,0,0,0,0,0,0,0,
Topic 0,0,0,0,0,0,0,0,0,0,0,0,
Topic 0,0,0,0,0,0,0,0,0,0,0,0,
Topic 0,0,0,0,0,0,0,0,0,0,0,0,
Topic 0,0,0,0,0,0,0,0,0,0,0,0,
Topic 0,0,0,0,0,0,0,0,0,0,0,0,
Topic 0,0,0,0,0,0,0,0,0,0,0,0,
Topic 0,0,0,0,0,0,0,0,0,0,0,0,
Topic 0,0,0,0,0,0,0,0,0,0,0,0,
Topic 0,0,0,0,0,0,0,0,0,0,0,0,
Topic 0,0,0,0,0,0,0,0,0,0,0,0,
Topic 0,0,0,0,0,0,0,0,0,0,0,0,
Topic 0,0,0,0,0,0,0,0,0,0,0,0,
Topic 0,0,0,0,0,0,0,0,0,0,0,0,
Topic 0,0,0,0,0,0,0,0,0,0,0,0,
Topic 0,0,0,0,0,0,0,0,0,0,0,0,
Topic 0,0,0,0,0,0,0,0,0,0,0,0,
Topic 0,0,0,0,0,0,0,0,0,0,0,0,
Topic 0,0,0,0,0,0,0,0,0,0,0,0,
Topic 0,0,0,0,0,0,0,0,0,0,0,0,
Topic 0,0,0,0,0,0,0,0,0,0,0,0,
Topic 0,0,0,0,0,0,0,0,0,0,0,0,
Topic 0,0,0,0,0,0,0,0,0,0,0,0,
Topic 0,0,0,0,0,0,0,0,0,0,0,0,
Topic 0,0,0,0,0,0,0,0,0,0,0,0,
Topic 0,0,0,0,0,0,0,0,0,0,0,0,
Topic 0,0,0,0,0,0,0,0,0,0,0,0,
Topic 0,0,0,0,0,0,0,0,0,0,0,0,
Topic 0,0,0,0,0,0,0,0,0,0.126574610581,0,0,
Topic 0,0,0,0,0,0,0,0,0,0,0,0,
Topic 0,0,0,0,0,0,0,0,0,0,0,0,
Topic 0,0,0,0,0,0,0,0,0,0,0,0,
Topic 0,0,0,0,0,0,0,0,0,0,0,0,
Topic 0,0,0,0,0,0,0,0,0,0,0,0,
Topic 0,0,0,0,0,0,0,0,0,0,0,0,
Topic 0,0,0,0,0,0,0,0,0,0,0,0,
Topic 0,0,0,0,0,0,0,0,0,0,0,0,
Topic 0,0,0,0,0,0,0,0,0,0,0,0,
Topic 0,0,0,0,0,0,0,0,0,0,0,0,
Topic 0,0,0,0,0,0,0,0,0,0,0,0,
Topic 0,0,0,0,0,0,0,0,0,0,0,0,
Topic 0,0,0,0,0,0,0,0,0,0,0,0,
